date,open,high,low,close,volume,amount
2026-08-25,26148.709,26225.8281,26034.3457,26151.2988,6406051376,0
2026-08-26,26099.5762,26189.8086,26021.6289,26130.1973,6046670097,0
2026-08-27,26356.9766,26553.8984,26273.873,26541.3516,6155179588,0
2026-08-28,26515.9883,26700.6777,26359.2656,26402.4238,7301984908,0
2026-08-31,26358.5586,26398.332,26249.7715,26370.8887,5461374523,0
2026-09-01,26031.6699,26260.6816,25995.5293,26099.7734,5081284327,0
2026-09-02,26094.0039,26245.0371,26062.6797,26217.8281,6424525745,0
2026-09-03,26336.3223,26644.5684,26325.0625,26584.0605,5815754901,0
2026-09-04,26587.8965,26628.584,26444.8418,26506.9902,5008477314,0
2026-09-08,26528.5703,26542.1367,26341.1738,26421.4121,6509123816,0
