序号,板块,涨跌幅,总成交量,总成交额,净流入,上涨家数,下跌家数,均价,领涨股,领涨股-最新价,领涨股-涨跌幅
1,煤炭开采加工,3.35,2350.1,187.85,18.13,32,2,7.99,云煤能源,4.92,10.07
3,元件,2.2,2244.11,1161.9,27.17,47,15,51.77,胜业电气,20.4,11.29
4,贵金属,2.09,1055.2,286.72,12.44,12,2,27.17,湖南黄金,28.45,10.02
42,半导体,-0.41,2282.94,1738.4,-123.99,56,128,76.15,大港股份,13.74,10.01
62,医疗服务,-0.74,1205.47,258.03,-10.53,14,41,21.41,百诚医药,46.62,5.86
76,医疗器械,-1.41,600.7,158.1,-13.42,17,124,26.32,百迈科,26.88,57.19
79,生物制品,-1.47,480.36,111.24,-8.68,8,47,23.16,万泽股份,25.56,7.21
80,化学制药,-1.49,2748.1,341.47,-37.0,27,130,12.43,ST能特,2.71,5.45
82,医药商业,-1.5,426.15,36.97,-4.82,2,30,8.68,益丰药房,22.81,0.75
